<?xml version="1.0" encoding="UTF-8" ?>
<!DOCTYPE configuration
  PUBLIC "-//mybatis.org//DTD Config 3.0//EN"
  "https://mybatis.org/dtd/mybatis-3-config.dtd">
<configuration>

<!-- 1. jdbc.properties 등록  -->
	<!-- 주의: resource 경로 지정은 . 대신 / 기호로  -->
<properties resource="com/config/jdbc.properties"></properties>

<!-- 2. 별칭 지정하기 -->
<typeAliases>
  <typeAlias alias="MemberDTO" type="com.dto.MemberDTO"/>
</typeAliases>

  <environments default="development">
    <environment id="development">
      <transactionManager type="JDBC"/>
      <dataSource type="POOLED">
        <property name="driver" value="${jdbc.driver}"/>
        <property name="url" value="${jdbc.url}"/>
        <property name="username" value="${jdbc.username}"/>
        <property name="password" value="${jdbc.password}"/>
      </dataSource>
    </environment>
  </environments>
  
  <!-- 3. 매퍼 등록 -->
  <mappers>
    <mapper resource="com/config/MemberMapper.xml"/>
    <!--  mapper 추가할 때 꼭 등록해주기 -->
  </mappers>
  
</configuration>