<?xml version="1.0" encoding="UTF-8" ?>
<!DOCTYPE mapper
  PUBLIC "-//mybatis.org//DTD Mapper 3.0//EN"
  "https://mybatis.org/dtd/mybatis-3-mapper.dtd">
  
<mapper namespace="MemberMapper">

	<select id="idCheck" parameterType="string" resultType="MemberDTO">
		select * 
		from member
		where userid = #{userid}
	</select>
  
  	<insert id="memberAdd" parameterType="MemberDTO"> 
  	insert into member (userid, passwd, username, post, addr1, addr2, phone1, phone2, phone3, email1, email2) 
  	values ( #{userid}, #{passwd},#{username},#{post},#{addr1},#{addr2},#{phone1},#{phone2},#{phone3} ,#{email1},#{email2}) 
  	</insert>
  	
  	<!-- id와 비밀번호가 있나 확인 -->
  	<select id="login" parameterType="hashmap" resultType="MemberDTO">
  		select userid, passwd, username, post, addr1, addr2, 
  			phone1, phone2, phone3, email1, email2 
  		from member
  		where userid = #{userid} and passwd=#{passwd}
  	</select>
  	
  	<select id="mypage" parameterType="string" resultType="MemberDTO">
  		select userid, passwd, username, post, addr1, addr2, 
  			phone1, phone2, phone3, email1, email2 
  		from member
  		where userid = #{userid}
  	</select>
  </mapper>
